{
  "run_dir": "/cs/home/nc212/Documents/Fourth_Year/Dissertation/outputs/with_recon",
  "runs": [
    "train_run14.txt",
    "train_run15.txt",
    "train_run16.txt",
    "train_run17.txt",
    "train_run18.txt"
  ],
  "n_runs": 5,
  "metrics": {
    "loss": {
      "mean": -0.540863873064518,
      "std": 0.27999409354729204,
      "n": 5,
      "per_run": {
        "train_run14.txt": -0.6674249768257141,
        "train_run15.txt": -0.6682341694831848,
        "train_run16.txt": -0.6627218723297119,
        "train_run17.txt": -0.04000938683748245,
        "train_run18.txt": -0.6659289598464966
      }
    },
    "mean_reward": {
      "mean": 1.3062954187393188,
      "std": 0.004578249574437204,
      "n": 5,
      "per_run": {
        "train_run14.txt": 1.308480143547058,
        "train_run15.txt": 1.3114248514175415,
        "train_run16.txt": 1.3012760877609253,
        "train_run17.txt": 1.3016173839569092,
        "train_run18.txt": 1.3086786270141602
      }
    },
    "expected_reward": {
      "mean": 1.2957855224609376,
      "std": 0.0048651880543685065,
      "n": 5,
      "per_run": {
        "train_run14.txt": 1.298008680343628,
        "train_run15.txt": 1.3014800548553467,
        "train_run16.txt": 1.2910892963409424,
        "train_run17.txt": 1.290297508239746,
        "train_run18.txt": 1.2980520725250244
      }
    },
    "recon_loss": {
      "mean": 0.0704338230651274,
      "std": 0.15742450837026364,
      "n": 5,
      "per_run": {
        "train_run14.txt": 2.6196917133347597e-06,
        "train_run15.txt": 4.817955868929857e-06,
        "train_run16.txt": 0.00011747631651815027,
        "train_run17.txt": 0.3520433306694031,
        "train_run18.txt": 8.706921335033257e-07
      }
    },
    "recon_acc": {
      "mean": 0.9925531148910522,
      "std": 0.016651741324238106,
      "n": 5,
      "per_run": {
        "train_run14.txt": 1.0,
        "train_run15.txt": 1.0,
        "train_run16.txt": 1.0,
        "train_run17.txt": 0.9627655744552612,
        "train_run18.txt": 1.0
      }
    },
    "topsim": {
      "mean": 0.26167269429476464,
      "std": 0.08621684954488817,
      "n": 5,
      "per_run": {
        "train_run14.txt": 0.32148978456478605,
        "train_run15.txt": 0.21350139560624273,
        "train_run16.txt": 0.29080101239427536,
        "train_run17.txt": 0.13603570037915352,
        "train_run18.txt": 0.3465355785293655
      }
    },
    "length": {
      "mean": 2.782602310180664,
      "std": 0.18364648913032602,
      "n": 5,
      "per_run": {
        "train_run14.txt": 2.649000644683838,
        "train_run15.txt": 2.8950517177581787,
        "train_run16.txt": 2.8221240043640137,
        "train_run17.txt": 2.54683518409729,
        "train_run18.txt": 3.0
      }
    },
    "valid_action_rate": {
      "mean": 1.0,
      "std": 0.0,
      "n": 5,
      "per_run": {
        "train_run14.txt": 1.0,
        "train_run15.txt": 1.0,
        "train_run16.txt": 1.0,
        "train_run17.txt": 1.0,
        "train_run18.txt": 1.0
      }
    },
    "invalid_entity_idx_rate": {
      "mean": 0.0,
      "std": 0.0,
      "n": 5,
      "per_run": {
        "train_run14.txt": 0.0,
        "train_run15.txt": 0.0,
        "train_run16.txt": 0.0,
        "train_run17.txt": 0.0,
        "train_run18.txt": 0.0
      }
    }
  }
}